,frame_name,lp_cat,lp_all,lp_ratio,lp_cat_canny,lp_all_canny,lp_ratio_canny,blur,cat_x,cat_y,face_size,size_ratio,eyes,ears,nose,img_ctr,num_eye,num_ear,num_nose,eye_x1,eye_y1,eye_x2,eye_y2,eye_w1,eye_w2,eye_w,eye_h1,eye_h2,eye_h,eye_size,eye_ratio,nose_x,nose_y,ear_w1,ear_w2,ear_w,ear_h1,ear_h2,ear_h,video,avg_face,nose_to_ctr,avg_to_ctr,prob
84,IMG_0395.MOV_565.jpg,2.884198953892421,22.614370588983412,0.12753832535571244,16198.699311365908,4701.110552107733,3.445717587752378,0,0.39427083333333335,0.07685185185185185,370881.0,0.17885850694444444,"[(873, 263, 147, 119), (1154, 261, 136, 115)]","[[720, -9, 227, 250], [1242, -5, 251, 277]]","[[1018, 424, 119, 87]]","(960.0, 540.0)",2,2,1,873,263,1154,261,147,136,141.5,119,115,117.0,16555.5,0.04463830716591036,1018,424,227,251,239.0,250,277,263.5,IMG_0395,253424.28703703705,129.6919426949878,354.4449509462846,0.78
54,IMG_0395.MOV_459.jpg,2.4611602585698003,22.68960148210424,0.10847084557703532,13032.13058143108,5789.219261670518,2.251103299492334,0,0.5088541666666667,0.06759259259259259,275625.0,0.13292100694444445,"[(1043, 222, 141, 129), (1324, 236, 143, 112)]","[[880, -9, 236, 248], [1399, -5, 265, 242]]","[[1183, 386, 124, 91]]","(960.0, 540.0)",2,2,1,1043,222,1324,236,141,143,142.0,129,112,120.5,17111.0,0.062080725623582765,1183,386,236,265,250.5,248,242,245.0,IMG_0395,253424.28703703705,271.0073799733136,354.4449509462846,0.765
53,IMG_0395.MOV_456.jpg,4.3806197613481626,57.82829335028054,0.07575218820333578,39024.6222537784,15244.624521874368,2.559893961165284,0,0.515625,0.05925925925925926,266256.0,0.12840277777777778,"[(1043, 214, 145, 116), (1325, 220, 143, 116)]","[[884, -4, 231, 226], [1404, -4, 261, 239]]","[[1185, 366, 123, 102]]","(960.0, 540.0)",2,2,1,1043,214,1325,220,145,143,144.0,116,116,116.0,16704.0,0.06273661438615467,1185,366,231,261,246.0,226,239,232.5,IMG_0395,253424.28703703705,284.43101096751036,354.4449509462846,0.735
73,IMG_0395.MOV_531.jpg,4.2476558989016535,53.94715016879815,0.07873735471866325,38763.134432997416,14398.854235839397,2.6920985377096343,0,0.42291666666666666,0.060185185185185175,336400.0,0.16222993827160495,"[(930, 228, 128, 118), (1182, 239, 141, 113)]","[[822, -1, 191, 199], [1297, -5, 262, 251]]","[[1036, 384, 117, 86]]","(960.0, 540.0)",2,2,1,930,228,1182,239,128,141,134.5,118,113,115.5,15534.75,0.04617939952437574,1036,384,191,262,226.5,199,251,225.0,IMG_0395,253424.28703703705,173.5280957078709,354.4449509462846,0.73
70,IMG_0395.MOV_521.jpg,3.4292906935922733,38.984014697621994,0.08796658630957932,29142.98651748361,11156.980406807275,2.612085479661004,0,0.44479166666666653,0.09814814814814816,306916.0,0.14801118827160495,"[(952, 268, 139, 116), (1218, 278, 142, 110)]","[[822, -6, 230, 250], [1322, -6, 245, 310]]","[[1072, 422, 115, 89]]","(960.0, 540.0)",2,2,1,952,268,1218,278,139,142,140.5,116,110,113.0,15876.5,0.05172913761420063,1072,422,230,245,237.5,250,310,280.0,IMG_0395,253424.28703703705,162.68988905276197,354.4449509462846,0.72
48,IMG_0395.MOV_435.jpg,3.2864494105001225,30.26106014685589,0.1086032476903022,27065.146508023794,7528.707133087809,3.5949261977631672,0,0.4880208333333334,0.08703703703703704,323761.0,0.1561347415123457,"[(1296, 264, 176, 114), (1013, 275, 162, 120)]","[[852, -3, 248, 229], [1380, -7, 276, 206], [1328, 440, 124, 149]]","[[1164, 453, 118, 95]]","(960.0, 540.0)",2,3,1,1296,264,1013,275,176,162,169.0,114,120,117.0,19773.0,0.06107282841355197,1164,453,248,276,216.0,229,206,194.66666666666666,IMG_0395,253424.28703703705,221.77691493931465,354.4449509462846,0.72
55,IMG_0395.MOV_462.jpg,2.5620863336969792,26.02853095352837,0.09843376632631924,13219.109221117842,6366.090472954434,2.0764878031937544,0,0.4802083333333334,0.062037037037037036,368449.0,0.1776856674382716,"[(1029, 249, 145, 125), (1315, 251, 144, 119)]","[[1394, -5, 265, 250], [885, -22, 225, 306]]","[[1170, 415, 124, 96]]","(960.0, 540.0)",2,2,1,1029,249,1315,251,145,144,144.5,125,119,122.0,17629.0,0.04784651335734389,1170,415,265,225,245.0,250,306,278.0,IMG_0395,253424.28703703705,244.38698819699874,354.4449509462846,0.72
94,IMG_0395.MOV_602.jpg,3.8453919989799488,49.240766205799844,0.07809366700161174,35787.039061019364,13900.94381224703,2.5744323223211807,0,0.39895833333333336,0.30462962962962964,235225.0,0.11343798225308642,"[(806, 469, 149, 120), (1078, 486, 118, 95)]","[[703, 127, 296, 233], [1156, 151, 253, 262]]","[[940, 643, 109, 74]]","(960.0, 540.0)",2,2,1,806,469,1078,486,149,118,133.5,120,95,107.5,14351.25,0.061010734403230946,940,643,296,253,274.5,233,262,247.5,IMG_0395,253424.28703703705,104.92378186092989,354.4449509462846,0.71
49,IMG_0395.MOV_438.jpg,2.939417425627365,29.076369963891,0.10109299851658694,21477.594618651245,7227.289169177094,2.9717358909961407,0,0.4744791666666667,0.08425925925925926,356409.0,0.17187934027777774,"[(999, 285, 156, 118), (1278, 273, 168, 93)]","[[811, 0, 286, 233], [1378, -5, 267, 231], [1885, 24, 34, 128]]","[[1151, 449, 118, 90]]","(960.0, 540.0)",2,3,1,999,285,1278,273,156,168,162.0,118,93,105.5,17091.0,0.04795333451175476,1151,449,286,267,195.66666666666666,233,231,197.33333333333334,IMG_0395,253424.28703703705,211.57031927943012,354.4449509462846,0.71
78,IMG_0395.MOV_547.jpg,3.0038454775865016,28.254166456917964,0.10631513345710533,22301.591559004122,7090.095685643117,3.1454570640228567,0,0.4234375,0.1962962962962963,338724.0,0.16335069444444444,"[(919, 372, 140, 124), (1188, 380, 139, 130)]","[[799, 43, 218, 291], [1303, 50, 247, 345]]","[[1039, 550, 118, 88]]","(960.0, 540.0)",2,2,1,919,372,1188,380,140,139,139.5,124,130,127.0,17716.5,0.05230364544584972,1039,550,218,247,232.5,291,345,318.0,IMG_0395,253424.28703703705,79.63039620647382,354.4449509462846,0.71
86,IMG_0395.MOV_571.jpg,3.735850004920189,30.728015696778932,0.12157797762749124,24870.411347484707,6999.939986208012,3.5529463676098514,0,0.38697916666666665,0.10277777777777776,324900.0,0.1566840277777778,"[(852, 280, 124, 108), (1108, 289, 132, 102)]","[[706, -10, 203, 277], [1189, -9, 269, 312]]","[[975, 414, 103, 88]]","(960.0, 540.0)",2,2,1,852,280,1108,289,124,132,128.0,108,102,105.0,13440.0,0.041366574330563254,975,414,203,269,236.0,277,312,294.5,IMG_0395,253424.28703703705,126.8897158953396,354.4449509462846,0.705
52,IMG_0395.MOV_447.jpg,3.6129480822030544,37.8332711184466,0.09549658211926243,25477.38702807757,10197.25334071358,2.4984558269584705,0,0.4953125,0.04166666666666666,308025.0,0.14854600694444445,"[(1027, 194, 146, 126), (1308, 197, 149, 115)]","[[880, -7, 232, 215], [1397, -2, 249, 212]]","[[1174, 359, 118, 88]]","(960.0, 540.0)",2,2,1,1027,194,1308,197,146,149,147.5,126,115,120.5,17773.75,0.05770229689148608,1174,359,232,249,240.5,215,212,213.5,IMG_0395,253424.28703703705,280.28021692584724,354.4449509462846,0.705
85,IMG_0395.MOV_568.jpg,2.7612392975402624,22.57499456109962,0.12231406258224868,15788.048393171151,4622.8710850393045,3.4152041237457347,0,0.39947916666666666,0.0925925925925926,322624.0,0.15558641975308646,"[(867, 271, 140, 114), (1124, 278, 129, 110)]","[[713, -10, 216, 258], [1227, -8, 236, 301]]","[[997, 417, 110, 86]]","(960.0, 540.0)",2,2,1,867,271,1124,278,140,129,134.5,114,110,112.0,15064.0,0.04669212457845665,997,417,216,236,226.0,258,301,279.5,IMG_0395,253424.28703703705,128.4445405612866,354.4449509462846,0.695
77,IMG_0395.MOV_544.jpg,3.2921410904273323,33.049900271475785,0.09961122615757677,20425.471072151067,6885.606860814929,2.9664009992190667,0,0.4208333333333333,0.1935185185185185,330625.0,0.15944492669753085,"[(910, 361, 138, 130), (1181, 373, 141, 125)]","[[794, 40, 211, 292], [1298, 34, 248, 369]]","[[1031, 544, 114, 86]]","(960.0, 540.0)",2,2,1,910,361,1181,373,138,141,139.5,130,125,127.5,17786.25,0.053795841209829866,1031,544,211,248,229.5,292,369,330.5,IMG_0395,253424.28703703705,71.11258679024411,354.4449509462846,0.695
50,IMG_0395.MOV_441.jpg,3.7037977876247,40.45787115286753,0.09154702613071587,26873.4692557498,10775.221999159248,2.494006087099332,0,0.4796875,0.08425925925925926,319225.0,0.15394724151234568,"[(993, 276, 160, 118), (1279, 259, 163, 89)]","[[812, -1, 270, 237], [1371, -9, 272, 246]]","[[1139, 439, 124, 97]]","(960.0, 540.0)",2,2,1,993,276,1279,259,160,163,161.5,118,89,103.5,16715.25,0.05236197039705537,1139,439,270,272,271.0,237,246,241.5,IMG_0395,253424.28703703705,205.52858681944952,354.4449509462846,0.69
71,IMG_0395.MOV_524.jpg,3.273003153550419,34.32398125792464,0.09535616305566988,24340.63855505495,8633.34186907225,2.819376195706081,0,0.43697916666666653,0.07037037037037037,322624.0,0.15558641975308646,"[(950, 246, 128, 120), (1216, 253, 129, 114)]","[[827, -4, 202, 230], [1318, -7, 242, 292]]","[[1060, 400, 114, 94]]","(960.0, 540.0)",2,2,1,950,246,1216,253,128,129,128.5,120,114,117.0,15034.5,0.04660068686768498,1060,400,202,242,222.0,230,292,261.0,IMG_0395,253424.28703703705,172.04650534085255,354.4449509462846,0.685
46,IMG_0395.MOV_429.jpg,2.8944124335146006,29.77499389056691,0.09720950553852463,18822.27305372882,7781.895723601429,2.418725940601264,0,0.5088541666666667,0.06296296296296296,361201.0,0.17419029706790126,"[(1080, 263, 153, 117), (1360, 255, 155, 113)]","[[1402, -5, 283, 168], [884, 0, 259, 204]]","[[1258, 433, 159, 157], [1217, 451, 115, 76]]","(960.0, 540.0)",2,2,2,1080,263,1360,255,153,155,154.0,117,113,115.0,17710.0,0.04903087200755258,1258,433,283,259,271.0,168,204,186.0,IMG_0395,253424.28703703705,316.6275414426231,354.4449509462846,0.675
74,IMG_0395.MOV_535.jpg,3.5377656191908664,34.315034556817245,0.10309666491325244,26237.659343831117,8605.025158125418,3.0491089638541995,0,0.41770833333333335,0.08425925925925926,320356.0,0.15449266975308645,"[(917, 247, 123, 123), (1171, 254, 143, 122)]","[[800, -3, 197, 231], [1292, -3, 252, 296]]","[[1012, 415, 125, 87]]","(960.0, 540.0)",2,2,1,917,247,1171,254,123,143,133.0,123,122,122.5,16292.5,0.05085748354955112,1012,415,197,252,224.5,231,296,263.5,IMG_0395,253424.28703703705,135.38463723776047,354.4449509462846,0.67
105,IMG_0395.MOV_636.jpg,10.687154977894817,47.38112105759962,0.22555724177363395,31513.779359069784,14450.909347567624,2.180747148924174,0,0.50625,0.2212962962962963,438244.0,0.21134452160493827,"[(1093, 419, 159, 122), (1407, 447, 150, 113)]","[[878, 12, 275, 198], [1501, 2, 346, 284]]","[[1254, 695, 123, 67]]","(960.0, 540.0)",2,2,1,1093,419,1407,447,159,150,154.5,122,113,117.5,18153.75,0.041423841512947125,1254,695,275,346,310.5,198,284,241.0,IMG_0395,253424.28703703705,332.3567360532956,354.4449509462846,0.665
68,IMG_0395.MOV_515.jpg,2.6138095113003272,26.582779173089857,0.09832717242545977,13741.777346280807,6939.825690422323,1.9801329254199975,0,0.4640625,0.08981481481481482,290521.0,0.14010464891975308,"[(983, 250, 122, 116), (1239, 264, 144, 116)]","[[849, 4, 207, 221], [1339, -9, 265, 320]]","[[1090, 411, 118, 86]]","(960.0, 540.0)",2,2,1,983,250,1239,264,122,144,133.0,116,116,116.0,15428.0,0.05310459484856516,1090,411,207,265,236.0,221,320,270.5,IMG_0395,253424.28703703705,183.14202139323461,354.4449509462846,0.66
79,IMG_0395.MOV_550.jpg,3.219246029846232,32.335576042376,0.0995574046872518,22576.085183387677,6860.3946190539145,3.2907852152827077,0,0.4390625,0.175,319225.0,0.15394724151234568,"[(932, 354, 150, 128), (1207, 363, 139, 121)]","[[804, 19, 223, 284], [1293, 25, 271, 351]]","[[1063, 528, 121, 91]]","(960.0, 540.0)",2,2,1,932,354,1207,363,150,139,144.5,128,121,124.5,17990.25,0.056356018482261724,1063,528,223,271,247.0,284,351,317.5,IMG_0395,253424.28703703705,103.69667304209909,354.4449509462846,0.66
64,IMG_0395.MOV_492.jpg,2.476359583492273,35.295671296067944,0.07016043306614055,12032.494129554863,10805.608365031374,1.11354157240178,0,0.5453125,0.03333333333333333,284089.0,0.13700279706790122,"[(1118, 184, 136, 133), (1385, 185, 148, 131)]","[[980, -1, 234, 149], [1475, -6, 253, 204]]","[[1247, 333, 140, 197]]","(960.0, 540.0)",2,2,1,1118,184,1385,185,136,148,142.0,133,131,132.0,18744.0,0.06597932338105313,1247,333,234,253,243.5,149,204,176.5,IMG_0395,253424.28703703705,353.86155484878543,354.4449509462846,0.655
72,IMG_0395.MOV_527.jpg,4.717065759987934,54.17399965300006,0.08707250323406222,41607.84383200365,13144.451212495967,3.1654302761950643,0,0.4401041666666667,0.07222222222222223,290521.0,0.14010464891975308,"[(941, 230, 138, 116), (1196, 237, 141, 113)]","[[821, -4, 212, 221], [1313, -8, 251, 277]]","[[1049, 386, 112, 85]]","(960.0, 540.0)",2,2,1,941,230,1196,237,138,141,139.5,116,113,114.5,15972.75,0.05497967444694187,1049,386,212,251,231.5,221,277,249.0,IMG_0395,253424.28703703705,177.867928531256,354.4449509462846,0.65
69,IMG_0395.MOV_518.jpg,3.637958725031144,45.87954894602728,0.07929368985974207,31380.52704618973,12119.43571979103,2.5892729473324696,0,0.453125,0.10185185185185183,302500.0,0.1458815586419753,"[(964, 275, 130, 122), (1233, 288, 135, 110)]","[[838, 3, 217, 252], [1328, 2, 252, 302]]","[[1076, 431, 120, 85]]","(960.0, 540.0)",2,2,1,964,275,1233,288,130,135,132.5,122,110,116.0,15370.0,0.0508099173553719,1076,431,217,252,234.5,252,302,277.0,IMG_0395,253424.28703703705,159.17600321656528,354.4449509462846,0.645
47,IMG_0395.MOV_432.jpg,2.211762877059825,20.041034824953602,0.11036171018005032,8183.910064700544,3842.546005976587,2.129814464673038,0,0.4942708333333333,0.0787037037037037,361201.0,0.17419029706790126,"[(1050, 262, 144, 116), (1317, 259, 167, 108)]","[[1394, -11, 282, 182], [872, 2, 246, 207]]","[[1307, 448, 150, 142], [1185, 445, 123, 90]]","(960.0, 540.0)",2,2,2,1050,262,1317,259,144,167,155.5,116,108,112.0,17416.0,0.04821692077264459,1307,448,282,246,264.0,182,207,194.5,IMG_0395,253424.28703703705,358.98885776580863,354.4449509462846,0.645
36,IMG_0395.MOV_365.jpg,2.3501329493531657,22.615928299295163,0.10391494517721872,12515.835980812351,6185.277342237712,2.0234882428545014,0,0.4479166666666667,0.12222222222222222,375769.0,0.1812157600308642,"[(928, 303, 175, 148), (1225, 336, 175, 126)]","[[788, 3, 323, 85], [1343, -1, 326, 112]]","[[1084, 549, 138, 68]]","(960.0, 540.0)",2,2,1,928,303,1225,336,175,175,175.0,148,126,137.0,23975.0,0.06380249568218772,1084,549,323,326,324.5,85,112,98.5,IMG_0395,253424.28703703705,124.32618388738553,354.4449509462846,0.64
88,IMG_0395.MOV_577.jpg,3.9507766637411272,29.069971404968253,0.13590576367288454,27392.672850682568,6614.826145198489,4.1411024642826195,0,0.4036458333333333,0.11851851851851852,239121.0,0.11531684027777778,"[(844, 293, 122, 87), (1083, 299, 137, 94)]","[[690, -6, 217, 272], [1172, 10, 258, 300]]","[[957, 407, 107, 79]]","(960.0, 540.0)",2,2,1,844,293,1083,299,122,137,129.5,87,94,90.5,11719.75,0.04901179737455096,957,407,217,258,237.5,272,300,286.0,IMG_0395,253424.28703703705,133.0338302838793,354.4449509462846,0.64
45,IMG_0395.MOV_426.jpg,3.2352800988682926,43.02212092351517,0.07520038597399653,26606.888834509733,12946.046000895349,2.0552135248607644,0,0.5203125,0.07592592592592592,361201.0,0.17419029706790126,"[(1361, 266, 177, 117), (1036, 266, 208, 142)]","[[883, 2, 270, 198], [1403, -4, 309, 182]]","[[1226, 465, 128, 92]]","(960.0, 540.0)",2,2,1,1361,266,1036,266,177,208,192.5,117,142,129.5,24928.75,0.06901628179323978,1226,465,270,309,289.5,198,182,190.0,IMG_0395,253424.28703703705,276.37112729082247,354.4449509462846,0.63
107,IMG_0395.MOV_646.jpg,7.057150597153224,39.222982725099094,0.17992386368508628,14849.823809093772,10608.896433502106,1.3997519819497088,0,0.4583333333333333,0.26666666666666666,494209.0,0.2383338155864197,"[(1019, 506, 149, 124), (1317, 551, 163, 107)]","[[813, -6, 314, 246], [1475, 16, 372, 354]]","[[1151, 781, 150, 70]]","(960.0, 540.0)",2,2,1,1019,506,1317,551,149,163,156.0,124,107,115.5,18018.0,0.03645825956224998,1151,781,314,372,343.0,246,354,300.0,IMG_0395,253424.28703703705,307.5093494513622,354.4449509462846,0.63
93,IMG_0395.MOV_599.jpg,5.760295437557413,53.6662974037088,0.1073354361346219,43262.43669982879,12715.341381691458,3.4023810608908565,0,0.39114583333333336,0.2824074074074074,251001.0,0.12104600694444445,"[(805, 465, 143, 107), (1060, 491, 126, 73)]","[[694, 127, 298, 233], [1148, 148, 258, 274]]","[[935, 626, 104, 72]]","(960.0, 540.0)",2,2,1,805,465,1060,491,143,126,134.5,107,73,90.0,12105.0,0.048226899494424325,935,626,298,258,278.0,233,274,253.5,IMG_0395,253424.28703703705,89.56003573022959,354.4449509462846,0.625
56,IMG_0395.MOV_465.jpg,2.0292688892727355,26.345334797771464,0.07702573927602507,6316.952781597025,6728.62615109662,0.9388176188934942,0,0.4854166666666666,0.11944444444444445,355216.0,0.17130401234567902,"[(1027, 287, 147, 129), (1312, 290, 144, 122)]","[[888, -18, 221, 304], [1396, -9, 261, 303]]","[[1165, 464, 118, 94]]","(960.0, 540.0)",2,2,1,1027,287,1312,290,147,144,145.5,129,122,125.5,18260.25,0.05140604589883339,1165,464,221,261,241.0,304,303,303.5,IMG_0395,253424.28703703705,218.6343980255623,354.4449509462846,0.62
66,IMG_0395.MOV_508.jpg,2.1766443828483943,23.82633039537508,0.09135457901947427,4996.370094420015,5155.652122864686,0.9691053576446178,0,0.5145833333333333,0.02962962962962963,254016.0,0.1225,"[(1053, 157, 129, 117), (1321, 168, 138, 112)]","[[913, 0, 215, 145], [1417, -5, 252, 212]]","[[1175, 308, 119, 80]]","(960.0, 540.0)",2,2,1,1053,157,1321,168,129,138,133.5,117,112,114.5,15285.75,0.06017632747543462,1175,308,215,252,233.5,145,212,178.5,IMG_0395,253424.28703703705,316.3052323310508,354.4449509462846,0.62
43,IMG_0395.MOV_420.jpg,2.7826777353955854,43.94310715797445,0.06332455566676072,20242.491404966408,12825.284394145645,1.5783269035504974,0,0.4942708333333333,0.11944444444444445,389376.0,0.18777777777777774,"[(1316, 335, 223, 128), (981, 336, 233, 189)]","[[856, -1, 278, 239], [1408, -13, 297, 219]]","[[1190, 549, 155, 94]]","(960.0, 540.0)",2,2,1,1316,335,981,336,223,233,228.0,128,189,158.5,36138.0,0.09281003451676528,1190,549,278,297,287.5,239,219,229.0,IMG_0395,253424.28703703705,230.17601960239037,354.4449509462846,0.61
95,IMG_0395.MOV_605.jpg,2.8870784594640497,47.48173364970273,0.06080398160613761,15406.864298130095,12462.874009450215,1.236220817641865,0,0.3927083333333333,0.33611111111111114,255025.0,0.12298659336419752,"[(821, 477, 143, 136), (1075, 511, 129, 94)]","[[713, 134, 299, 222], [1169, 153, 256, 294]]","[[941, 679, 107, 76]]","(960.0, 540.0)",2,2,1,821,477,1075,511,143,129,136.0,136,94,115.0,15640.0,0.06132732085089697,941,679,299,256,277.5,222,294,258.0,IMG_0395,253424.28703703705,140.29255147726127,354.4449509462846,0.605
98,IMG_0395.MOV_615.jpg,2.5171453796524914,31.72418674346519,0.07934467792688157,15941.949533738227,9671.81003502692,1.6482901831201917,0,0.39114583333333336,0.31203703703703706,264196.0,0.12740933641975308,"[(829, 441, 136, 151), (1081, 489, 146, 113)]","[[718, 67, 302, 253], [1192, 93, 279, 333]]","[[936, 676, 109, 73]]","(960.0, 540.0)",2,2,1,829,441,1081,489,136,146,141.0,151,113,132.0,18612.0,0.0704476979212403,936,676,302,279,290.5,253,333,293.0,IMG_0395,253424.28703703705,138.10141201305655,354.4449509462846,0.6
96,IMG_0395.MOV_608.jpg,3.7394842846153127,65.15306953349871,0.05739536619518198,39788.68554159808,18316.190238368457,2.1723232300923248,0,0.37864583333333335,0.35185185185185186,292681.0,0.14114631558641974,"[(834, 508, 123, 125), (1068, 554, 125, 89)]","[[730, 130, 295, 222], [1171, 177, 278, 289]]","[[922, 714, 115, 86]]","(960.0, 540.0)",2,2,1,834,508,1068,554,123,125,124.0,125,89,107.0,13268.0,0.045332631773159174,922,714,295,278,286.5,222,289,255.5,IMG_0395,253424.28703703705,178.10109488714548,354.4449509462846,0.6
51,IMG_0395.MOV_444.jpg,2.0010728799587154,33.104011003679155,0.06044804902150128,5419.41898071676,9053.796745790034,0.5985797045020653,0,0.4864583333333333,0.057407407407407414,291600.0,0.140625,"[(1007, 218, 151, 134), (1286, 215, 146, 117)]","[[857, -4, 221, 228], [1375, -5, 255, 220]]","[[1148, 394, 120, 96]]","(960.0, 540.0)",2,2,1,1007,218,1286,215,151,146,148.5,134,117,125.5,18636.75,0.06391203703703703,1148,394,221,255,238.0,228,220,224.0,IMG_0395,253424.28703703705,238.03361107205006,354.4449509462846,0.6
99,IMG_0395.MOV_618.jpg,2.2057067416009724,31.129394785521782,0.07085607532038632,9069.021422386802,8913.279200089482,1.0174730555165103,0,0.38645833333333335,0.2833333333333333,341056.0,0.16447530864197532,"[(847, 447, 147, 142), (1100, 490, 151, 114)]","[[726, 51, 293, 255], [1215, 89, 279, 300]]","[[963, 681, 115, 75]]","(960.0, 540.0)",2,2,1,847,447,1100,490,147,151,149.0,142,114,128.0,19072.0,0.0559204353537249,963,681,293,279,286.0,255,300,277.5,IMG_0395,253424.28703703705,141.0319112825179,354.4449509462846,0.595
57,IMG_0395.MOV_468.jpg,1.970911617986297,32.41252784944584,0.060807093699728025,3858.163790943385,5824.59172277359,0.6623921425871513,0,0.4901041666666667,0.1814814814814815,313600.0,0.15123456790123455,"[(1014, 348, 162, 149), (1299, 356, 148, 125)]","[[890, 8, 221, 283], [1399, -22, 258, 390]]","[[1157, 547, 112, 90]]","(960.0, 540.0)",2,2,1,1014,348,1299,356,162,148,155.0,149,125,137.0,21235.0,0.06771364795918368,1157,547,221,258,239.5,283,390,336.5,IMG_0395,253424.28703703705,197.12432625122653,354.4449509462846,0.59
44,IMG_0395.MOV_423.jpg,2.0126780921514418,35.69047806492665,0.05639257867294635,4798.133759467301,9740.234479136485,0.4926096768763494,0,0.509375,0.1148148148148148,367236.0,0.17710069444444446,"[(1347, 309, 174, 121), (1013, 315, 212, 144)]","[[856, 1, 273, 220], [1397, -2, 321, 184]]","[[1215, 522, 134, 89]]","(960.0, 540.0)",2,2,1,1347,309,1013,315,174,212,193.0,121,144,132.5,25572.5,0.06963505756516246,1215,522,273,321,297.0,220,184,202.0,IMG_0395,253424.28703703705,255.63450471327224,354.4449509462846,0.58
106,IMG_0395.MOV_640.jpg,2.2433460984148827,53.59453474269643,0.04185773995772197,10503.268494752221,16341.043192208792,0.6427538542802489,0,0.5177083333333333,0.26944444444444443,312481.0,0.15069492669753087,"[(1081, 472, 161, 128)]","[[890, 15, 267, 200], [1525, 6, 309, 336]]","[[1199, 754, 134, 183]]","(960.0, 540.0)",1,2,1,1081,472,0,0,161,0,161.0,128,0,128.0,20608.0,0.06594960973627197,1199,754,267,309,288.0,200,336,268.0,IMG_0395,253424.28703703705,320.8067954392488,354.4449509462846,0.575
91,IMG_0395.MOV_591.jpg,4.168424900462684,41.75262665059954,0.09983623151054684,25297.122033642117,8013.321478114454,3.156883459965038,0,0.3885416666666667,0.20925925925925928,244036.0,0.11768711419753085,"[(835, 388, 109, 80), (1041, 408, 143, 71)]","[[709, 94, 243, 245], [1159, 129, 236, 259]]","[[927, 511, 102, 73]]","(960.0, 540.0)",2,2,1,835,388,1041,408,109,143,126.0,80,71,75.5,9513.0,0.03898195348227311,927,511,243,236,239.5,245,259,252.0,IMG_0395,253424.28703703705,43.93176527297759,354.4449509462846,0.57
104,IMG_0395.MOV_633.jpg,1.928998631413108,26.80004667631969,0.07197743551385513,4813.44010101675,7562.856512927568,0.6364579432108619,0,0.5067708333333333,0.2657407407407407,384400.0,0.1853780864197531,"[(1067, 459, 156, 127), (1371, 501, 159, 89)]","[[840, -4, 309, 266], [1469, 13, 349, 335]]","[[1220, 726, 130, 74]]","(960.0, 540.0)",2,2,1,1067,459,1371,501,156,159,157.5,127,89,108.0,17010.0,0.044250780437044744,1220,726,309,349,329.0,266,335,300.5,IMG_0395,253424.28703703705,319.6810910892291,354.4449509462846,0.555
97,IMG_0395.MOV_612.jpg,2.012403076762055,32.2964297196377,0.062310388307052475,7441.05183078459,8980.982241368709,0.8285342995679464,0,0.3817708333333333,0.3287037037037037,271441.0,0.1309032600308642,"[(808, 453, 147, 158), (1068, 514, 135, 102)]","[[729, 87, 267, 259], [1186, 125, 266, 337]]","[[918, 693, 118, 71]]","(960.0, 540.0)",2,2,1,808,453,1068,514,147,135,141.0,158,102,130.0,18330.0,0.0675284868534967,918,693,267,266,266.5,259,337,298.0,IMG_0395,253424.28703703705,158.66001386612822,354.4449509462846,0.555
87,IMG_0395.MOV_574.jpg,5.950589937038491,46.730847912535346,0.12733751264637916,48865.01928559706,9676.858936072409,5.049677752709924,0,0.40677083333333336,0.11574074074074076,235225.0,0.11343798225308642,"[(842, 280, 129, 98), (1087, 286, 139, 108)]","[[698, 1, 214, 238], [1184, -7, 256, 314]]","[[965, 404, 102, 86]]","(960.0, 540.0)",2,2,1,842,280,1087,286,129,139,134.0,98,108,103.0,13802.0,0.05867573599744925,965,404,214,256,235.0,238,314,276.0,IMG_0395,253424.28703703705,136.09188072769072,354.4449509462846,0.55
67,IMG_0395.MOV_512.jpg,2.2547973057722075,22.405673210927766,0.1006351063208621,7018.801357108934,3225.943680525365,2.17573586280523,0,0.4802083333333334,0.06388888888888887,292681.0,0.14114631558641974,"[(1007, 215, 132, 117), (1268, 220, 136, 130)]","[[891, 1, 196, 195], [1381, -3, 243, 269]]","[[1119, 370, 115, 92]]","(960.0, 540.0)",2,2,1,1007,215,1268,220,132,136,134.0,117,130,123.5,16549.0,0.05654278890669363,1119,370,196,243,219.5,195,269,232.0,IMG_0395,253424.28703703705,232.76812496559748,354.4449509462846,0.535
101,IMG_0395.MOV_624.jpg,1.811333852775428,29.507552724936208,0.06138543137278572,2061.2765492610406,7705.851258137182,0.26749498273592875,0,0.4473958333333333,0.35462962962962963,345744.0,0.1667361111111111,"[(961, 541, 139, 117), (1227, 574, 142, 84)]","[[743, 43, 319, 343], [1296, 122, 315, 302]]","[[1107, 772, 125, 108]]","(960.0, 540.0)",2,2,1,961,541,1227,574,139,142,140.5,117,84,100.5,14120.25,0.04084018811606275,1107,772,319,315,317.0,343,302,322.5,IMG_0395,253424.28703703705,274.6506872374435,354.4449509462846,0.53
3,IMG_0395.MOV_11.jpg,1.8861571006086024,58.20051454299917,0.03240791108839921,40128.70908671542,18828.055093552037,2.131325242428153,0,0.546875,0.1935185185185185,128881.0,0.0621532600308642,"[(1102, 306, 102, 75), (1273, 318, 118, 72)]","[[1010, 41, 175, 182], [1354, 38, 202, 198]]","[[1178, 434, 94, 60]]","(960.0, 540.0)",2,2,1,1102,306,1273,318,102,118,110.0,75,72,73.5,8085.0,0.06273228792451951,1178,434,175,202,188.5,182,198,190.0,IMG_0395,253424.28703703705,242.404620418011,354.4449509462846,0.525
89,IMG_0395.MOV_582.jpg,6.212680157519273,42.313566336917724,0.14682478210537492,54439.65697291771,8657.048935890944,6.288477444919865,0,0.39947916666666666,0.1685185185185185,235225.0,0.11343798225308642,"[(836, 339, 127, 74), (1063, 353, 154, 78)]","[[697, 35, 205, 248], [1165, 72, 250, 259]]","[[951, 451, 98, 73]]","(960.0, 540.0)",2,2,1,836,339,1063,353,127,154,140.5,74,78,76.0,10678.0,0.045394834732702734,951,451,205,250,227.5,248,259,253.5,IMG_0395,253424.28703703705,89.45389874119518,354.4449509462846,0.5
92,IMG_0395.MOV_596.jpg,3.423872932905045,34.86388928771016,0.09820685536974763,23058.093277822874,8604.680170012562,2.6797153202951893,0,0.3880208333333333,0.2481481481481481,234256.0,0.11297067901234567,"[(820, 447, 123, 76), (1029, 473, 76, 62)]","[[692, 122, 273, 231], [1152, 143, 247, 266]]","[[934, 567, 90, 75]]","(960.0, 540.0)",2,2,1,820,447,1029,473,123,76,99.5,76,62,69.0,6865.5,0.029307680486305582,934,567,273,247,260.0,231,266,248.5,IMG_0395,253424.28703703705,37.48332962798263,354.4449509462846,0.495
75,IMG_0395.MOV_538.jpg,2.3682668071050115,17.400058507279105,0.13610683010716748,9628.431804580194,2480.6774081131434,3.881371988590724,0,0.42135416666666653,0.10277777777777776,320356.0,0.15449266975308645,"[(911, 272, 125, 128), (1171, 282, 150, 119)]","[[797, 12, 199, 238], [1291, -11, 256, 338]]","[[1024, 442, 114, 90]]","(960.0, 540.0)",2,2,1,911,272,1171,282,125,150,137.5,128,119,123.5,16981.25,0.05300743547803069,1024,442,199,256,227.5,238,338,288.0,IMG_0395,253424.28703703705,117.04699910719626,354.4449509462846,0.485
39,IMG_0395.MOV_406.jpg,1.914820030569691,29.87375642508377,0.06409706242907888,4929.5572422863015,8382.536557388567,0.5880746488294494,0,0.4765625,0.4694444444444445,254016.0,0.1225,"[(1003, 642, 117, 147), (1238, 663, 147, 121)]","[[1351, -5, 326, 416], [844, 99, 239, 290], [1887, 15, 30, 158]]","[[1126, 866, 124, 83]]","(960.0, 540.0)",2,3,1,1003,642,1238,663,117,147,132.0,147,121,134.0,17688.0,0.0696334089191232,1126,866,326,239,198.33333333333334,416,290,288.0,IMG_0395,253424.28703703705,365.83056187256966,354.4449509462846,0.48
100,IMG_0395.MOV_621.jpg,1.8385669077245428,29.30111014546253,0.06274734638370884,3342.7473141759106,7714.412175402179,0.4333119929518987,0,0.4270833333333333,0.3435185185185185,286225.0,0.13803288966049382,"[(926, 500, 111, 114), (1152, 544, 151, 93)]","[[711, 67, 359, 259], [1258, 125, 306, 274]]","[[1024, 735, 113, 72]]","(960.0, 540.0)",2,2,1,926,500,1152,544,111,151,131.0,114,93,103.5,13558.5,0.04737007598916936,1024,735,359,306,332.5,259,274,266.5,IMG_0395,253424.28703703705,205.23401277566055,354.4449509462846,0.475
61,IMG_0395.MOV_483.jpg,1.831879393250968,19.21041613380422,0.09535865233171303,2314.3557031790538,4285.01452244867,0.5401045179787435,0,0.525,0.38333333333333336,311364.0,0.15015625,"[(1076, 530, 147, 157), (1366, 587, 144, 125)]","[[982, 58, 240, 313], [1486, 115, 290, 379]]","[[1213, 800, 124, 73]]","(960.0, 540.0)",2,2,1,1076,530,1366,587,147,144,145.5,157,125,141.0,20515.5,0.06588912012949474,1213,800,240,290,265.0,313,379,346.0,IMG_0395,253424.28703703705,362.7795473838072,354.4449509462846,0.47
60,IMG_0395.MOV_479.jpg,1.9605232247379287,24.679300207139736,0.0794399844518585,3178.625924556213,6960.114646094,0.4566916044033916,0,0.5135416666666667,0.4722222222222222,270400.0,0.13040123456790126,"[(1089, 668, 114, 128)]","[[960, 119, 246, 359], [1446, 257, 311, 294]]","[[1180, 906, 135, 66]]","(960.0, 540.0)",1,2,1,1089,668,0,0,114,0,114.0,128,0,128.0,14592.0,0.05396449704142012,1180,906,246,311,278.5,359,294,326.5,IMG_0395,253424.28703703705,427.0316147546924,354.4449509462846,0.465
41,IMG_0395.MOV_414.jpg,1.8635997069923682,32.146549251599765,0.05797199856216687,3103.323191016013,8315.147135356181,0.3732132625555857,0,0.4770833333333334,0.275,389376.0,0.18777777777777774,"[(1303, 482, 167, 144), (982, 502, 230, 171)]","[[1358, -12, 335, 288], [813, 23, 283, 294], [1889, 1, 30, 136]]","[[1197, 721, 133, 82]]","(960.0, 540.0)",2,3,1,1303,482,982,502,167,230,198.5,144,171,157.5,31263.75,0.08029192862426035,1197,721,335,283,216.0,288,294,239.33333333333334,IMG_0395,253424.28703703705,298.2113344593059,354.4449509462846,0.45
4,IMG_0395.MOV_14.jpg,1.9581442906445488,40.783653095681494,0.048012969462313634,14070.580861833258,13296.257780500298,1.0582361664549362,0,0.5458333333333333,0.175,148225.0,0.0714819637345679,"[(1112, 299, 100, 82), (1278, 319, 113, 71)]","[[1018, 36, 171, 183], [1367, 33, 197, 202]]","[[1186, 429, 88, 60]]","(960.0, 540.0)",2,2,1,1112,299,1278,319,100,113,106.5,82,71,76.5,8147.25,0.054965424186203406,1186,429,171,197,184.0,183,202,192.5,IMG_0395,253424.28703703705,251.7876089087785,354.4449509462846,0.45
2,IMG_0395.MOV_8.jpg,1.7560755825908818,41.708079260931676,0.042103966754369664,27547.082553619628,12924.000930816228,2.1314670821429496,0,0.5416666666666666,0.1787037037037037,145924.0,0.07037229938271605,"[(1101, 303, 94, 75), (1269, 316, 109, 70)]","[[1008, 37, 166, 183], [1353, 35, 199, 200]]","[[1172, 431, 90, 58]]","(960.0, 540.0)",2,2,1,1101,303,1269,316,94,109,101.5,75,70,72.5,7358.75,0.050428647789260164,1172,431,166,199,182.5,183,200,191.5,IMG_0395,253424.28703703705,238.37994882120435,354.4449509462846,0.43
90,IMG_0395.MOV_587.jpg,2.8674935771750216,39.03811765170206,0.07345368449264865,36577.17786554702,7040.172935873073,5.195494229860276,0,0.409375,0.2175925925925926,184900.0,0.08916859567901235,"[(841, 365, 118, 77), (1061, 385, 135, 72)]","[[711, 67, 218, 245], [1164, 109, 241, 264]]","[[946, 487, 89, 77]]","(960.0, 540.0)",2,2,1,841,365,1061,385,118,135,126.5,77,72,74.5,9424.25,0.050969442942130884,946,487,218,241,229.5,245,264,254.5,IMG_0395,253424.28703703705,54.817880294662984,354.4449509462846,0.425
42,IMG_0395.MOV_417.jpg,1.7608380494395706,30.610623024927772,0.05752375729189279,2752.9054370447448,8345.251301115468,0.3298768770063015,0,0.4880208333333334,0.18611111111111112,384400.0,0.1853780864197531,"[(1309, 378, 210, 141), (985, 405, 229, 160)]","[[1400, -8, 310, 236], [862, 4, 250, 269], [1891, 0, 27, 139]]","[[1177, 601, 175, 166]]","(960.0, 540.0)",2,3,1,1309,378,985,405,210,229,219.5,141,160,150.5,33034.75,0.08593847554630593,1177,601,310,250,195.66666666666666,236,269,214.66666666666666,IMG_0395,253424.28703703705,225.41073621280776,354.4449509462846,0.415
1,IMG_0395.MOV_5.jpg,1.7104460731769404,40.44392425933963,0.042291793007251284,28601.26660134232,14236.85618581884,2.008959437957356,0,0.5458333333333333,0.18703703703703706,123201.0,0.0594140625,"[(1098, 297, 97, 76), (1268, 308, 108, 75)]","[[991, 29, 192, 180], [1346, 33, 205, 191]]","[[1166, 428, 97, 57]]","(960.0, 540.0)",2,2,1,1098,297,1268,308,97,108,102.5,76,75,75.5,7738.75,0.06281401936672593,1166,428,192,205,198.5,180,191,185.5,IMG_0395,253424.28703703705,234.47814397081873,354.4449509462846,0.415
15,IMG_0395.MOV_81.jpg,1.7861101943240492,25.883650000911263,0.06900534485133153,7142.027261053801,6071.7908677838295,1.1762637114114902,0,0.4890625,0.4555555555555556,157609.0,0.07600742669753087,"[(1008, 620, 98, 70), (1174, 626, 97, 70)]","[[1293, 274, 137, 188], [876, 323, 177, 175]]","[[1099, 749, 82, 55]]","(960.0, 540.0)",2,2,1,1008,620,1174,626,98,97,97.5,70,70,70.0,6825.0,0.0433033646555717,1099,749,137,177,157.0,188,175,181.5,IMG_0395,253424.28703703705,251.0019920239678,354.4449509462846,0.41
0,IMG_0395.MOV_2.jpg,1.7123823819715815,48.10155285918335,0.035599316034236106,24332.94438923019,16263.77601982943,1.4961435990979284,0,0.5463541666666667,0.1814814814814815,123904.0,0.059753086419753076,"[(1097, 295, 97, 69), (1262, 303, 118, 75)]","[[989, 18, 193, 186], [1348, 25, 200, 188]]","[[1169, 426, 92, 55]]","(960.0, 540.0)",2,2,1,1097,295,1262,303,97,118,107.5,69,75,72.0,7740.0,0.06246771694214876,1169,426,193,200,196.5,186,188,187.0,IMG_0395,253424.28703703705,238.0693176366917,354.4449509462846,0.41
63,IMG_0395.MOV_489.jpg,1.7810107644525608,23.221959646140732,0.07669511064491698,2598.0930913656434,5976.210169951465,0.4347392440160356,0,0.5260416666666666,0.09907407407407408,358801.0,0.17303288966049382,"[(1118, 245, 139, 164), (1387, 274, 140, 129)]","[[998, 8, 250, 160], [1500, -2, 259, 282]]",[],"(960.0, 540.0)",2,2,0,1118,245,1387,274,139,140,139.5,164,129,146.5,20436.75,0.05695845329305102,0,0,250,259,254.5,160,282,221.0,IMG_0395,253424.28703703705,1101.4535850411492,354.4449509462846,0.4
24,IMG_0395.MOV_160.jpg,1.4936648570317126,18.45230243422575,0.08094734314896276,2941.6704565324644,1591.256076388889,1.8486468018448248,0,0.5427083333333333,0.2212962962962963,107584.0,0.051882716049382716,"[(1055, 343, 117, 76)]","[[1285, 1, 153, 147], [835, 6, 264, 162]]","[[1175, 471, 69, 66]]","(960.0, 540.0)",1,2,1,1055,343,0,0,117,0,117.0,76,0,76.0,8892.0,0.08265169541939321,1175,471,153,264,208.5,147,162,154.5,IMG_0395,253424.28703703705,225.80079716422614,354.4449509462846,0.4
65,IMG_0395.MOV_503.jpg,1.0724860899550916,37.04996023329115,0.028947024050822383,5258.07555416019,10571.140754664968,0.4973990675358134,1,0.6213541666666667,0.2111111111111111,33489.0,0.01615017361111111,"[(1099, 128, 138, 118), (1372, 129, 135, 111)]","[[941, 0, 236, 141], [1455, -3, 247, 155]]","[[1228, 269, 113, 89]]","(960.0, 540.0)",2,2,1,1099,128,1372,129,138,135,136.5,118,111,114.5,15629.25,0.4666980202454537,1228,269,236,247,241.5,141,155,148.0,IMG_0395,253424.28703703705,381.13645850272576,354.4449509462846,0.395
8,IMG_0395.MOV_60.jpg,1.6824162850126123,20.588715346320203,0.08171545707019108,5551.5592747064775,4315.1187050849485,1.286536861237329,0,0.44947916666666665,0.2740740740740741,164836.0,0.07949266975308641,"[(958, 405, 87, 86), (1102, 438, 100, 73)]","[[878, 121, 186, 166], [1236, 117, 197, 210]]","[[1009, 548, 86, 85]]","(960.0, 540.0)",2,2,1,958,405,1102,438,87,100,93.5,86,73,79.5,7433.25,0.04509482151957097,1009,548,186,197,191.5,166,210,188.0,IMG_0395,253424.28703703705,49.64876634922564,354.4449509462846,0.385
102,IMG_0395.MOV_627.jpg,1.9154223431606376,16.957302436966756,0.11295560424664218,4917.843297646904,2518.276258136137,1.952860922926212,0,0.465625,0.3314814814814815,355216.0,0.17130401234567902,"[(1004, 511, 136, 120), (1269, 545, 148, 88)]","[[759, 17, 352, 286], [1354, 93, 329, 288]]","[[1150, 739, 168, 135]]","(960.0, 540.0)",2,2,1,1004,511,1269,545,136,148,142.0,120,88,104.0,14768.0,0.04157470384216927,1150,739,352,329,340.5,286,288,287.0,IMG_0395,253424.28703703705,275.138147118861,354.4449509462846,0.375
18,IMG_0395.MOV_90.jpg,1.6315162544503727,26.232414825412448,0.06219466508549772,22500.857576946157,7800.773520585627,2.8844392825362988,0,0.5130208333333334,0.4101851851851852,129600.0,0.0625,"[(1040, 553, 99, 70), (1211, 575, 75, 66)]","[[928, 236, 170, 195], [1283, 259, 198, 191]]","[[1130, 679, 78, 57]]","(960.0, 540.0)",2,2,1,1040,553,1211,575,99,75,87.0,70,66,68.0,5916.0,0.045648148148148146,1130,679,170,198,184.0,195,191,193.0,IMG_0395,253424.28703703705,219.59280498231266,354.4449509462846,0.34
6,IMG_0395.MOV_20.jpg,1.6532663348641894,21.51382078269305,0.07684670945079973,14512.157107089004,3895.635959065277,3.7252344057762175,0,0.5536458333333333,0.1925925925925926,103684.0,0.05000192901234568,"[(1112, 290, 87, 66)]","[[1070, 22, 156, 177], [1388, 27, 185, 200]]","[[1170, 403, 73, 56]]","(960.0, 540.0)",1,2,1,1112,290,0,0,87,0,87.0,66,0,66.0,5742.0,0.055379807877782496,1170,403,156,185,170.5,177,200,188.5,IMG_0395,253424.28703703705,250.7369139157615,354.4449509462846,0.315
82,IMG_0395.MOV_559.jpg,2.2704967901884983,15.03278291712121,0.15103635851766162,7160.444291936236,2469.200190942027,2.899904316467937,0,0.4432291666666667,0.04722222222222222,351649.0,0.16958381558641974,"[(936, 228, 154, 120), (1219, 222, 145, 123)]","[[767, -4, 251, 209], [1297, -7, 256, 226]]","[[1092, 397, 115, 87]]","(960.0, 540.0)",2,2,1,936,228,1219,222,154,145,149.5,120,123,121.5,18164.25,0.05165449069953277,1092,397,251,256,253.5,209,226,217.5,IMG_0395,253424.28703703705,194.60986614249546,354.4449509462846,0.295
23,IMG_0395.MOV_157.jpg,1.3575602200099322,17.13922025697369,0.07920781690506379,1181.820075672267,2496.231228162504,0.4734417478392874,0,0.5333333333333333,0.2805555555555556,88804.0,0.04282600308641976,"[(1046, 379, 100, 65)]","[[883, -4, 218, 210], [1273, 0, 169, 205]]","[[1135, 506, 78, 49]]","(960.0, 540.0)",1,2,1,1046,379,0,0,100,0,100.0,65,0,65.0,6500.0,0.0731949011305797,1135,506,218,169,193.5,210,205,207.5,IMG_0395,253424.28703703705,178.27226368675525,354.4449509462846,0.29
27,IMG_0395.MOV_170.jpg,1.3307776176494872,86.21853868860292,0.01543493589535171,328.06892980052794,25393.397641641695,0.012919457822475076,1,0.4739583333333333,0.2064814814814815,119716.0,0.057733410493827166,"[(972, 347, 96, 71)]","[[734, -3, 235, 144], [1156, 5, 161, 82]]",[],"(960.0, 540.0)",1,2,0,972,347,0,0,96,0,96.0,71,0,71.0,6816.0,0.056934745564502655,0,0,235,161,198.0,144,82,113.0,IMG_0395,253424.28703703705,1101.4535850411492,354.4449509462846,0.29
103,IMG_0395.MOV_630.jpg,1.7585486642531414,16.895572554658912,0.1040834016464406,1988.3680686406333,2406.859481677094,0.8261255315391919,0,0.4927083333333334,0.3037037037037037,357604.0,0.17245563271604938,"[(1013, 488, 171, 116), (1317, 513, 153, 114)]","[[786, -3, 332, 290], [1414, 51, 347, 294]]","[[1187, 748, 125, 65]]","(960.0, 540.0)",2,2,1,1013,488,1317,513,171,153,162.0,116,114,115.0,18630.0,0.052096732698739386,1187,748,332,347,339.5,290,294,292.0,IMG_0395,253424.28703703705,307.88471868541967,354.4449509462846,0.285
40,IMG_0395.MOV_411.jpg,1.8655962802032033,15.679989822068062,0.1189794318346787,2485.601887059161,2232.537542434927,1.1133527834646078,0,0.4802083333333334,0.3388888888888889,336400.0,0.16222993827160495,"[(1012, 568, 143, 145), (1274, 567, 136, 137)]","[[1337, 4, 326, 310], [807, 60, 264, 322]]","[[1169, 799, 131, 73]]","(960.0, 540.0)",2,2,1,1012,568,1274,567,143,136,139.5,145,137,141.0,19669.5,0.058470570749108206,1169,799,326,264,295.0,310,322,316.0,IMG_0395,253424.28703703705,332.8092546790128,354.4449509462846,0.28
17,IMG_0395.MOV_87.jpg,1.489114442980754,26.763352666034077,0.05564005607080087,7502.551016404961,8431.80039410793,0.8897922941401317,0,0.5098958333333333,0.425,127449.0,0.061462673611111115,"[(1037, 564, 89, 67), (1200, 582, 85, 72)]","[[910, 262, 192, 185], [1284, 292, 190, 174]]","[[1125, 694, 83, 54]]","(960.0, 540.0)",2,2,1,1037,564,1200,582,89,85,87.0,67,72,69.5,6046.5,0.04744250641433044,1125,694,192,190,191.0,185,174,179.5,IMG_0395,253424.28703703705,225.7011298155151,354.4449509462846,0.265
37,IMG_0395.MOV_368.jpg,1.5762317722639414,7.546178621234835,0.20887814235253432,0.0,10.285590277777779,0.0,0,0.4473958333333333,0.12314814814814815,351649.0,0.16958381558641974,"[(889, 330, 220, 153)]","[[788, -10, 268, 140], [1346, 0, 320, 135]]",[],"(960.0, 540.0)",1,2,0,889,330,0,0,220,0,220.0,153,0,153.0,33660.0,0.09572044851542305,0,0,268,320,294.0,140,135,137.5,IMG_0395,253424.28703703705,1101.4535850411492,354.4449509462846,0.265
21,IMG_0395.MOV_147.jpg,1.6243621010475289,18.74004085177593,0.08667868516911975,18121.169637436014,2623.6094809512115,6.906961485314512,0,0.575,0.2824074074074074,106276.0,0.05125192901234568,"[(1122, 391, 111, 76), (1306, 403, 87, 80)]","[[967, -4, 203, 224], [1348, 3, 193, 217]]","[[1226, 527, 82, 54]]","(960.0, 540.0)",2,2,1,1122,391,1306,403,111,87,99.0,76,80,78.0,7722.0,0.07265986676201588,1226,527,203,193,198.0,224,217,220.5,IMG_0395,253424.28703703705,266.3174797117155,354.4449509462846,0.26
20,IMG_0395.MOV_140.jpg,0.6229806076698322,38.94642607552271,0.01599583505972495,0.0,9230.69006006882,0.0,1,0.6614583333333334,0.3842592592592592,253424.28703703705,0.0016222993827160494,"[(1087, 411, 86, 72)]","[[976, 1, 209, 230], [1361, 58, 203, 233]]",[],"(960.0, 540.0)",1,2,0,1087,411,0,0,86,0,86.0,72,0,72.0,6192.0,1.840665873959572,0,0,209,203,206.0,230,233,231.5,IMG_0395,253424.28703703705,1101.4535850411492,354.4449509462846,0.26
38,IMG_0395.MOV_395.jpg,1.7803257827344778,17.058975145292354,0.10436299763446116,1134.5584799913395,2010.7701822311747,0.5642407521342993,0,0.4484375,0.4462962962962963,257049.0,0.12396267361111113,"[(1166, 629, 167, 129), (944, 655, 134, 124)]","[[1236, 7, 343, 339], [749, 152, 247, 238]]","[[1083, 861, 140, 75]]","(960.0, 540.0)",2,2,1,1166,629,944,655,167,134,150.5,129,124,126.5,19038.25,0.07406467249434932,1083,861,343,247,295.0,339,238,288.5,IMG_0395,253424.28703703705,343.7586362551492,354.4449509462846,0.255
83,IMG_0395.MOV_562.jpg,2.0190170105845016,14.638413505469535,0.13792594462713534,5387.4684711633645,3245.0723556065896,1.6601997985823966,0,0.4125,0.05185185185185185,366025.0,0.17651668595679013,"[(903, 245, 148, 124), (1182, 241, 139, 116)]","[[734, -5, 248, 209], [1250, 3, 280, 229]]",[],"(960.0, 540.0)",2,2,0,903,245,1182,241,148,139,143.5,124,116,120.0,17220.0,0.04704596680554607,0,0,248,280,264.0,209,229,219.0,IMG_0395,253424.28703703705,1101.4535850411492,354.4449509462846,0.255
5,IMG_0395.MOV_17.jpg,1.5369785748873368,30.974328016894003,0.049621046630908,8605.997306878875,8474.542424385421,1.0155117380869076,0,0.5489583333333333,0.17777777777777778,121104.0,0.058402777777777776,"[(1118, 288, 88, 69), (1274, 315, 82, 59)]","[[1039, 16, 165, 188], [1371, 14, 195, 203]]","[[1177, 409, 77, 59]]","(960.0, 540.0)",2,2,1,1118,288,1274,315,88,82,85.0,69,59,64.0,5440.0,0.04492006870128154,1177,409,165,195,180.0,188,203,195.5,IMG_0395,253424.28703703705,253.4758371127315,354.4449509462846,0.255
22,IMG_0395.MOV_150.jpg,1.410413170024125,15.226744161055851,0.0926273637427638,1661.5673365007126,2551.767142584943,0.6511437931666221,0,0.5583333333333333,0.26944444444444443,113569.0,0.05476900077160494,"[(1104, 390, 101, 70)]","[[937, -4, 216, 221], [1335, 3, 199, 220]]","[[1199, 521, 75, 56]]","(960.0, 540.0)",1,2,1,1104,390,0,0,101,0,101.0,70,0,70.0,7070.0,0.062252903521207374,1199,521,216,199,207.5,221,220,220.5,IMG_0395,253424.28703703705,239.75404063331237,354.4449509462846,0.25
16,IMG_0395.MOV_84.jpg,1.3632920234946464,17.575523031300918,0.07756765025238269,974.1240352434944,4083.034393298781,0.2385784545048802,0,0.5046875,0.44166666666666665,131769.0,0.06354600694444444,"[(1030, 592, 92, 75), (1197, 611, 62, 73)]","[[913, 293, 182, 176], [1269, 346, 157, 155]]","[[1114, 719, 85, 61]]","(960.0, 540.0)",2,2,1,1030,592,1197,611,92,62,77.0,75,73,74.0,5698.0,0.04324234076300192,1114,719,182,157,169.5,176,155,165.5,IMG_0395,253424.28703703705,236.12920192132103,354.4449509462846,0.235
35,IMG_0395.MOV_240.jpg,1.6315205052222237,13.077617625000382,0.12475670661170415,3057.9288793955934,1674.6069878472224,1.8260576371574144,0,0.5828125,0.25462962962962965,227529.0,0.1097265625,"[(1160, 424, 146, 120)]","[[1024, 1, 219, 223], [1521, 11, 290, 206]]",[],"(960.0, 540.0)",1,2,0,1160,424,0,0,146,0,146.0,120,0,120.0,17520.0,0.07700117347678757,0,0,219,290,254.5,223,206,214.5,IMG_0395,253424.28703703705,1101.4535850411492,354.4449509462846,0.225
59,IMG_0395.MOV_474.jpg,1.9014399961116129,13.860484663597296,0.1371842357796831,4843.368003756106,2013.780588735361,2.4051120717166627,0,0.5041666666666667,0.4648148148148148,266256.0,0.12840277777777778,[],"[[895, 151, 230, 268], [1419, 214, 275, 295]]","[[1166, 896, 151, 86]]","(960.0, 540.0)",0,2,1,0,0,0,0,0,0,0.0,0,0,0.0,0.0,0.0,1166,896,230,275,252.5,268,295,281.5,IMG_0395,253424.28703703705,411.3052394511891,354.4449509462846,0.22
25,IMG_0395.MOV_163.jpg,1.4529935099992624,15.809891091696874,0.09190408090555116,1939.716147241752,2035.449326031997,0.9529670537281948,0,0.534375,0.17962962962962964,118336.0,0.0570679012345679,"[(1042, 324, 119, 69)]","[[797, -2, 245, 157]]","[[1153, 444, 113, 53]]","(960.0, 540.0)",1,1,1,1042,324,0,0,119,0,119.0,69,0,69.0,8211.0,0.06938716873985938,1153,444,245,0,245.0,157,0,157.0,IMG_0395,253424.28703703705,215.55741694499866,354.4449509462846,0.215
62,IMG_0395.MOV_486.jpg,1.5419091054937624,18.20460420736295,0.08469885353893764,542.8778376146486,4611.550670187312,0.11772132118687052,0,0.5114583333333333,0.24259259259259255,386884.0,0.18657600308641972,[],"[[1010, 2, 216, 280], [1499, 7, 283, 390]]","[[1230, 671, 100, 92]]","(960.0, 540.0)",0,2,1,0,0,0,0,0,0,0.0,0,0,0.0,0.0,0.0,1230,671,216,283,249.5,280,390,335.0,IMG_0395,253424.28703703705,300.1016494456503,354.4449509462846,0.21
76,IMG_0395.MOV_541.jpg,2.0623003005800356,13.469542908467956,0.15310841018098106,4975.432741020794,1354.530703094803,3.673178267316519,0,0.4197916666666667,0.15092592592592596,330625.0,0.15944492669753085,"[(910, 318, 131, 132), (1178, 334, 142, 117)]","[[804, 15, 173, 272], [1299, 12, 245, 363]]","[[1024, 498, 120, 90]]","(960.0, 540.0)",2,2,1,910,318,1178,334,131,142,136.5,132,117,124.5,16994.25,0.05140037807183365,1024,498,173,245,209.0,272,363,317.5,IMG_0395,253424.28703703705,76.55063683601855,354.4449509462846,0.205
33,IMG_0395.MOV_229.jpg,1.66638657338368,7.279544414546327,0.22891358009353285,258.0357142857143,182.75737847222226,1.4119031277576233,0,0.5541666666666667,0.3740740740740741,254016.0,0.1225,[],"[[918, 23, 213, 300]]",[],"(960.0, 540.0)",0,1,0,0,0,0,0,0,0,0.0,0,0,0.0,0.0,0.0,0,0,213,0,213.0,300,0,300.0,IMG_0395,253424.28703703705,1101.4535850411492,354.4449509462846,0.19
29,IMG_0395.MOV_189.jpg,1.2323423607474389,118.0314700319943,0.01044079481864788,578.0763932823684,35929.60510074937,0.016089138515755955,1,0.4947916666666667,0.2453703703703704,101124.0,0.048767361111111115,[],"[[764, -10, 180, 170], [1178, -2, 140, 146]]",[],"(960.0, 540.0)",0,2,0,0,0,0,0,0,0,0.0,0,0,0.0,0.0,0.0,0,0,180,140,160.0,170,146,158.0,IMG_0395,253424.28703703705,1101.4535850411492,354.4449509462846,0.18
7,IMG_0395.MOV_57.jpg,1.3624835390863526,17.123284685624885,0.07956905255626373,1398.8402777777776,3799.678927573319,0.36814696832059773,0,0.4640625,0.2675925925925926,129600.0,0.0625,"[(988, 390, 60, 74), (1108, 412, 95, 70)]","[[924, 110, 170, 149], [1258, 93, 211, 219]]","[[1020, 514, 73, 62]]","(960.0, 540.0)",2,2,1,988,390,1108,412,60,95,77.5,74,70,72.0,5580.0,0.043055555555555555,1020,514,170,211,190.5,149,219,184.0,IMG_0395,253424.28703703705,65.39113089708727,354.4449509462846,0.18
9,IMG_0395.MOV_63.jpg,1.147069150833817,5.997136319569804,0.19126948091720225,0.0,92.88389756944444,0.0,0,0.43020833333333336,0.20833333333333331,146689.0,0.07074122299382718,[],"[[801, 25, 214, 231], [1209, 56, 171, 162]]",[],"(960.0, 540.0)",0,2,0,0,0,0,0,0,0,0.0,0,0,0.0,0.0,0.0,0,0,214,171,192.5,231,162,196.5,IMG_0395,253424.28703703705,1101.4535850411492,354.4449509462846,0.18
19,IMG_0395.MOV_93.jpg,1.5170617646790363,15.950368340131927,0.09511139381414993,10758.399356327123,1842.8767331470547,5.8378290651893785,0,0.5239583333333333,0.4222222222222222,121801.0,0.05873890817901235,"[(1048, 557, 104, 75), (1228, 583, 77, 65)]","[[930, 205, 190, 213], [1312, 267, 192, 185]]","[[1151, 689, 73, 50]]","(960.0, 540.0)",2,2,1,1048,557,1228,583,104,77,90.5,75,65,70.0,6335.0,0.052011067232617135,1151,689,190,192,191.0,213,185,199.0,IMG_0395,253424.28703703705,242.24367896810023,354.4449509462846,0.175
30,IMG_0395.MOV_199.jpg,1.2621694083663206,11.203676915669112,0.11265671242278415,472.9052523924319,666.8700086805555,0.7091415811727758,0,0.5182291666666666,0.3157407407407408,123201.0,0.0594140625,"[(1057, 465, 85, 77)]","[[835, 14, 183, 250]]",[],"(960.0, 540.0)",1,1,0,1057,465,0,0,85,0,85.0,77,0,77.0,6545.0,0.05312456879408446,0,0,183,0,183.0,250,0,250.0,IMG_0395,253424.28703703705,1101.4535850411492,354.4449509462846,0.17
58,IMG_0395.MOV_471.jpg,1.6000613861800406,13.435054600560493,0.11909600919026317,578.4939031609812,1664.0077950181171,0.3476509574612197,0,0.475,0.2962962962962963,352836.0,0.17015625,[],"[[896, 62, 217, 310], [1389, 54, 275, 372]]","[[1153, 710, 103, 85]]","(960.0, 540.0)",0,2,1,0,0,0,0,0,0,0.0,0,0,0.0,0.0,0.0,1153,710,217,275,246.0,310,372,341.0,IMG_0395,253424.28703703705,257.19447894540815,354.4449509462846,0.17
32,IMG_0395.MOV_225.jpg,1.43638559166827,7.3869555051682685,0.19444892969279504,340.81427457509864,101.66427951388887,3.3523502670231213,0,0.5625,0.4953703703703704,170569.0,0.08225742669753086,[],"[[885, 137, 207, 333]]",[],"(960.0, 540.0)",0,1,0,0,0,0,0,0,0,0.0,0,0,0.0,0.0,0.0,0,0,207,0,207.0,333,0,333.0,IMG_0395,253424.28703703705,1101.4535850411492,354.4449509462846,0.165
12,IMG_0395.MOV_72.jpg,1.18727890260962,5.769922674046706,0.20577033171519574,0.0,52.243272569444436,0.0,0,0.42604166666666665,0.17962962962962964,177241.0,0.08547501929012345,[],"[[767, 9, 181, 181], [1152, 18, 188, 173]]",[],"(960.0, 540.0)",0,2,0,0,0,0,0,0,0,0.0,0,0,0.0,0.0,0.0,0,0,181,188,184.5,181,173,177.0,IMG_0395,253424.28703703705,1101.4535850411492,354.4449509462846,0.15
80,IMG_0395.MOV_553.jpg,1.6892533445220157,8.544273644847715,0.1977059039466336,689.2351092962981,152.05739979554306,4.532729812709189,0,0.45,0.14074074074074075,327184.0,0.1577854938271605,"[(926, 314, 178, 126), (1233, 319, 130, 116)]","[[798, 0, 219, 287], [1329, -3, 229, 349]]","[[1098, 478, 107, 92]]","(960.0, 540.0)",2,2,1,926,314,1233,319,178,130,154.0,126,116,121.0,18634.0,0.05695266272189349,1098,478,219,229,224.0,287,349,318.0,IMG_0395,253424.28703703705,151.28780519261954,354.4449509462846,0.15
11,IMG_0395.MOV_69.jpg,1.33423046874322,10.050433039543849,0.13275353046914834,858.33,369.68543835293264,2.3217847146594037,0,0.4125,0.0925925925925926,160000.0,0.07716049382716049,"[(870, 216, 94, 87), (1042, 220, 91, 92)]","[[768, -5, 178, 78], [1134, -2, 202, 75]]","[[963, 365, 80, 66]]","(960.0, 540.0)",2,2,1,870,216,1042,220,94,91,92.5,87,92,89.5,8278.75,0.0517421875,963,365,178,202,190.0,78,75,76.5,IMG_0395,253424.28703703705,175.025712396779,354.4449509462846,0.145
34,IMG_0395.MOV_233.jpg,0.3269809751154465,9.097248822759083,0.03594284178502631,0.0,635.7623697916666,0.0,0,0.7375,0.6990740740740741,253424.28703703705,0.0019753086419753087,[],"[[1045, -9, 222, 244], [1518, 37, 285, 236]]",[],"(960.0, 540.0)",0,2,0,0,0,0,0,0,0,0.0,0,0,0.0,0.0,0.0,0,0,222,285,253.5,244,236,240.0,IMG_0395,253424.28703703705,1101.4535850411492,354.4449509462846,0.135
31,IMG_0395.MOV_213.jpg,1.2815429220232897,8.065207847675229,0.15889769318129734,233.09525841667892,175.85850694444446,1.3254704732044391,0,0.6276041666666666,0.5574074074074075,128881.0,0.0621532600308642,[],"[[977, 295, 206, 259]]",[],"(960.0, 540.0)",0,1,0,0,0,0,0,0,0,0.0,0,0,0.0,0.0,0.0,0,0,206,0,206.0,259,0,259.0,IMG_0395,253424.28703703705,1101.4535850411492,354.4449509462846,0.135
81,IMG_0395.MOV_556.jpg,1.6375846960903182,7.853214544217253,0.20852412561377945,905.5485521987533,208.72222198025727,4.3385344579381115,0,0.44479166666666653,0.07314814814814814,369664.0,0.1782716049382716,"[(958, 254, 138, 121), (1244, 264, 126, 107)]","[[790, -6, 226, 239], [1325, 1, 239, 287]]","[[1111, 416, 106, 99]]","(960.0, 540.0)",2,2,1,958,254,1244,264,138,126,132.0,121,107,114.0,15048.0,0.04070723684210526,1111,416,226,239,232.5,239,287,263.0,IMG_0395,253424.28703703705,195.38935487891862,354.4449509462846,0.135
13,IMG_0395.MOV_75.jpg,1.1748029087391942,7.281272655865456,0.16134582019708155,0.0,74.4450954861111,0.0,0,0.4546875,0.3416666666666667,128164.0,0.061807484567901236,[],"[[804, 186, 176, 171], [1218, 182, 146, 166]]",[],"(960.0, 540.0)",0,2,0,0,0,0,0,0,0,0.0,0,0,0.0,0.0,0.0,0,0,176,146,161.0,171,166,168.5,IMG_0395,253424.28703703705,1101.4535850411492,354.4449509462846,0.125
26,IMG_0395.MOV_167.jpg,1.2943128553327627,36.4082299435896,0.035550007713589835,243.9681877969366,10391.801535339306,0.023476986831135704,0,0.484375,0.19166666666666668,139129.0,0.06709538966049383,[],"[[751, -4, 239, 144]]",[],"(960.0, 540.0)",0,1,0,0,0,0,0,0,0,0.0,0,0,0.0,0.0,0.0,0,0,239,0,239.0,144,0,144.0,IMG_0395,253424.28703703705,1101.4535850411492,354.4449509462846,0.11
10,IMG_0395.MOV_66.jpg,1.308298728026916,6.4146552864265525,0.2039546428621478,366.0802251935257,113.76866319444444,3.217759749605656,0,0.40729166666666666,0.09351851851851853,164836.0,0.07949266975308641,"[(870, 220, 87, 84), (1025, 234, 112, 85)]","[[792, -2, 154, 78]]","[[943, 365, 86, 65]]","(960.0, 540.0)",2,1,1,870,220,1025,234,87,112,99.5,84,85,84.5,8407.75,0.051006758232424954,943,365,154,0,154.0,78,0,78.0,IMG_0395,253424.28703703705,175.82377541163197,354.4449509462846,0.11
28,IMG_0395.MOV_185.jpg,1.3578720216914322,168.49787205994286,0.008058689436792242,859.6332446745345,43335.669014108535,0.019836621061386374,1,0.4583333333333333,0.1925925925925926,121104.0,0.058402777777777776,[],"[[716, 1, 210, 128]]",[],"(960.0, 540.0)",0,1,0,0,0,0,0,0,0,0.0,0,0,0.0,0.0,0.0,0,0,210,0,210.0,128,0,128.0,IMG_0395,253424.28703703705,1101.4535850411492,354.4449509462846,0.1
14,IMG_0395.MOV_78.jpg,1.3943374691110288,10.642435038330335,0.13101677051249194,1856.1321659594387,819.2096354166665,2.265759685572268,0,0.4739583333333333,0.4361111111111111,130321.0,0.06284770447530864,"[(972, 581, 86, 76), (1146, 589, 86, 73)]","[[838, 295, 178, 166], [1212, 291, 182, 172]]","[[1060, 724, 77, 54]]","(960.0, 540.0)",2,2,1,972,581,1146,589,86,86,86.0,76,73,74.5,6407.0,0.04916322004895604,1060,724,178,182,180.0,166,172,169.0,IMG_0395,253424.28703703705,209.41824180333478,354.4449509462846,0.1
